emp_id,emp_name,gender,hire_date,job_title,salary,dept_id,manager_id
1,Amit Patel,Male,2017-02-02,Analyst,30217,10,
2,Neha Verma,Female,2018-03-03,Engineer,30434,20,
3,Rahul Singh,Male,2019-04-04,Senior Engineer,30651,30,
4,Sneha Mehta,Female,2020-05-05,Manager,30868,40,
5,Karan Joshi,Male,2021-06-06,Specialist,31085,50,
6,Anjali Rao,Female,2022-07-07,Associate,31302,60, 
7,Vikas Gupta,Male,2023-08-08,Executive,31519,70, 
8,Pooja Kumar,Female,2024-09-09,Analyst,31736,80, 
9,Rohit Nair,Male,2025-10-10,Engineer,31953,90, 
10,Kavita Iyer,Female,2016-11-11,Senior Engineer,32170,100,  
11,Arjun Jain,Male,2017-12-12,Manager,32387,10, 
12,Ritu Desai,Female,2018-01-13,Specialist,32604,20,
13,Manish Mishra,Male,2019-02-14,Associate,32821,30,
14,Priya Kapoor,Female,2020-03-15,Executive,33038,40,
15,Deepak Sharma,Male,2021-04-16,Analyst,33255,50,
16,Neha Patel,Female,2022-05-17,Engineer,33472,60, 
17,Amit Verma,Male,2023-06-18,Senior Engineer,33689,70,
18,Sneha Singh,Female,2024-07-19,Manager,33906,80,
19,Rahul Mehta,Male,2025-08-20,Specialist,34123,90,
20,Anjali Joshi,Female,2016-09-21,Associate,34340,100,
21,Karan Rao,Male,2017-10-22,Executive,34557,10,1
22,Pooja Gupta,Female,2018-11-23,Analyst,34774,20,2
23,Vikas Kumar,Male,2019-12-24,Engineer,34991,30,3
24,Kavita Nair,Female,2020-01-25,Senior Engineer,35208,40,4
25,Rohit Iyer,Male,2021-02-26,Manager,35425,50,5
26,Ritu Jain,Female,2022-03-27,Specialist,35642,60,6
27,Arjun Desai,Male,2023-04-28,Associate,35859,70,7
28,Priya Mishra,Female,2024-05-01,Executive,36076,80,8
29,Manish Kapoor,Male,2025-06-02,Analyst,36293,90,9
30,Neha Sharma,Female,2016-07-03,Engineer,36510,100,10
31,Deepak Patel,Male,2017-08-04,Senior Engineer,36727,10,11
32,Sneha Verma,Female,2018-09-05,Manager,36944,20,12
33,Amit Singh,Male,2019-10-06,Specialist,37161,30,13
34,Anjali Mehta,Female,2020-11-07,Associate,37378,40,14
35,Rahul Joshi,Male,2021-12-08,Executive,37595,50,15
36,Pooja Rao,Female,2022-01-09,Analyst,37812,60,16
37,Karan Gupta,Male,2023-02-10,Engineer,38029,70,17
38,Kavita Kumar,Female,2024-03-11,Senior Engineer,38246,80,18
39,Vikas Nair,Male,2025-04-12,Manager,38463,90,19
40,Ritu Iyer,Female,2016-05-13,Specialist,38680,100,20
41,Rohit Jain,Male,2017-06-14,Associate,38897,10,1
42,Priya Desai,Female,2018-07-15,Executive,39114,20,2
43,Arjun Mishra,Male,2019-08-16,Analyst,39331,30,3
44,Neha Kapoor,Female,2020-09-17,Engineer,39548,40,4
45,Manish Sharma,Male,2021-10-18,Senior Engineer,39765,50,5
46,Sneha Patel,Female,2022-11-19,Manager,39982,60,6
47,Deepak Verma,Male,2023-12-20,Specialist,40199,70,7
48,Anjali Singh,Female,2024-01-21,Associate,40416,80,8
49,Amit Mehta,Male,2025-02-22,Executive,40633,90,9
50,Pooja Joshi,Female,2016-03-23,Analyst,40850,100,10
51,Rahul Rao,Male,2017-04-24,Engineer,41067,10,11
52,Kavita Gupta,Female,2018-05-25,Senior Engineer,41284,20,12
53,Karan Kumar,Male,2019-06-26,Manager,41501,30,13
54,Ritu Nair,Female,2020-07-27,Specialist,41718,40,14
55,Vikas Iyer,Male,2021-08-28,Associate,41935,50,15
56,Priya Jain,Female,2022-09-01,Executive,42152,60,16
57,Rohit Desai,Male,2023-10-02,Analyst,42369,70,17
58,Neha Mishra,Female,2024-11-03,Engineer,42586,80,18
59,Arjun Kapoor,Male,2025-12-04,Senior Engineer,42803,90,19
60,Sneha Sharma,Female,2016-01-05,Manager,43020,100,20
61,Manish Patel,Male,2017-02-06,Specialist,43237,10,1
62,Anjali Verma,Female,2018-03-07,Associate,43454,20,2
63,Deepak Singh,Male,2019-04-08,Executive,43671,30,3
64,Pooja Mehta,Female,2020-05-09,Analyst,43888,40,4
65,Amit Joshi,Male,2021-06-10,Engineer,44105,50,5
66,Kavita Rao,Female,2022-07-11,Senior Engineer,44322,60,6
67,Rahul Gupta,Male,2023-08-12,Manager,44539,70,7
68,Ritu Kumar,Female,2024-09-13,Specialist,44756,80,8
69,Karan Nair,Male,2025-10-14,Associate,44973,90,9
70,Priya Iyer,Female,2016-11-15,Executive,45190,100,10
71,Vikas Jain,Male,2017-12-16,Analyst,45407,10,11
72,Neha Desai,Female,2018-01-17,Engineer,45624,20,12
73,Rohit Mishra,Male,2019-02-18,Senior Engineer,45841,30,13
74,Sneha Kapoor,Female,2020-03-19,Manager,46058,40,14
75,Arjun Sharma,Male,2021-04-20,Specialist,46275,50,15
76,Anjali Patel,Female,2022-05-21,Associate,46492,60,16
77,Manish Verma,Male,2023-06-22,Executive,46709,70,17
78,Pooja Singh,Female,2024-07-23,Analyst,46926,80,18
79,Deepak Mehta,Male,2025-08-24,Engineer,47143,90,19
80,Kavita Joshi,Female,2016-09-25,Senior Engineer,47360,100,20
81,Amit Rao,Male,2017-10-26,Manager,47577,10,1
82,Ritu Gupta,Female,2018-11-27,Specialist,47794,20,2
83,Rahul Kumar,Male,2019-12-28,Associate,48011,30,3
84,Priya Nair,Female,2020-01-01,Executive,48228,40,4
85,Karan Iyer,Male,2021-02-02,Analyst,48445,50,5
86,Neha Jain,Female,2022-03-03,Engineer,48662,60,6
87,Vikas Desai,Male,2023-04-04,Senior Engineer,48879,70,7
88,Sneha Mishra,Female,2024-05-05,Manager,49096,80,8
89,Rohit Kapoor,Male,2025-06-06,Specialist,49313,90,9
90,Anjali Sharma,Female,2016-07-07,Associate,49530,100,10
91,Arjun Patel,Male,2017-08-08,Executive,49747,10,11
92,Pooja Verma,Female,2018-09-09,Analyst,49964,20,12
93,Manish Singh,Male,2019-10-10,Engineer,50181,30,13
94,Kavita Mehta,Female,2020-11-11,Senior Engineer,50398,40,14
95,Deepak Joshi,Male,2021-12-12,Manager,50615,50,15
96,Ritu Rao,Female,2022-01-13,Specialist,50832,60,16
97,Amit Gupta,Male,2023-02-14,Associate,51049,70,17
98,Priya Kumar,Female,2024-03-15,Executive,51266,80,18
99,Rahul Nair,Male,2025-04-16,Analyst,51483,90,19
100,Neha Iyer,Female,2016-05-17,Engineer,51700,100,20
101,Karan Jain,Male,2017-06-18,Senior Engineer,51917,10,1
102,Sneha Desai,Female,2018-07-19,Manager,52134,20,2
103,Vikas Mishra,Male,2019-08-20,Specialist,52351,30,3
104,Anjali Kapoor,Female,2020-09-21,Associate,52568,40,4
105,Rohit Sharma,Male,2021-10-22,Executive,52785,50,5
106,Pooja Patel,Female,2022-11-23,Analyst,53002,60,6
107,Arjun Verma,Male,2023-12-24,Engineer,53219,70,7
108,Kavita Singh,Female,2024-01-25,Senior Engineer,53436,80,8
109,Manish Mehta,Male,2025-02-26,Manager,53653,90,9
110,Ritu Joshi,Female,2016-03-27,Specialist,53870,100,10
111,Deepak Rao,Male,2017-04-28,Associate,54087,10,11
112,Priya Gupta,Female,2018-05-01,Executive,54304,20,12
113,Amit Kumar,Male,2019-06-02,Analyst,54521,30,13
114,Neha Nair,Female,2020-07-03,Engineer,54738,40,14
115,Rahul Iyer,Male,2021-08-04,Senior Engineer,54955,50,15
116,Sneha Jain,Female,2022-09-05,Manager,55172,60,16
117,Karan Desai,Male,2023-10-06,Specialist,55389,70,17
118,Anjali Mishra,Female,2024-11-07,Associate,55606,80,18
119,Vikas Kapoor,Male,2025-12-08,Executive,55823,90,19
120,Pooja Sharma,Female,2016-01-09,Analyst,56040,100,20
121,Rohit Patel,Male,2017-02-10,Engineer,56257,10,1
122,Kavita Verma,Female,2018-03-11,Senior Engineer,56474,20,2
123,Arjun Singh,Male,2019-04-12,Manager,56691,30,3
124,Ritu Mehta,Female,2020-05-13,Specialist,56908,40,4
125,Manish Joshi,Male,2021-06-14,Associate,57125,50,5
126,Priya Rao,Female,2022-07-15,Executive,57342,60,6
127,Deepak Gupta,Male,2023-08-16,Analyst,57559,70,7
128,Neha Kumar,Female,2024-09-17,Engineer,57776,80,8
129,Amit Nair,Male,2025-10-18,Senior Engineer,57993,90,9
130,Sneha Iyer,Female,2016-11-19,Manager,58210,100,10
131,Rahul Jain,Male,2017-12-20,Specialist,58427,10,11
132,Anjali Desai,Female,2018-01-21,Associate,58644,20,12
133,Karan Mishra,Male,2019-02-22,Executive,58861,30,13
134,Pooja Kapoor,Female,2020-03-23,Analyst,59078,40,14
135,Vikas Sharma,Male,2021-04-24,Engineer,59295,50,15
136,Kavita Patel,Female,2022-05-25,Senior Engineer,59512,60,16
137,Rohit Verma,Male,2023-06-26,Manager,59729,70,17
138,Ritu Singh,Female,2024-07-27,Specialist,59946,80,18
139,Arjun Mehta,Male,2025-08-28,Associate,60163,90,19
140,Priya Joshi,Female,2016-09-01,Executive,60380,100,20
141,Manish Rao,Male,2017-10-02,Analyst,60597,10,1
142,Neha Gupta,Female,2018-11-03,Engineer,60814,20,2
143,Deepak Kumar,Male,2019-12-04,Senior Engineer,61031,30,3
144,Sneha Nair,Female,2020-01-05,Manager,61248,40,4
145,Amit Iyer,Male,2021-02-06,Specialist,61465,50,5
146,Anjali Jain,Female,2022-03-07,Associate,61682,60,6
147,Rahul Desai,Male,2023-04-08,Executive,61899,70,7
148,Pooja Mishra,Female,2024-05-09,Analyst,62116,80,8
149,Karan Kapoor,Male,2025-06-10,Engineer,62333,90,9
150,Kavita Sharma,Female,2016-07-11,Senior Engineer,62550,100,10
151,Vikas Patel,Male,2017-08-12,Manager,62767,10,11
152,Ritu Verma,Female,2018-09-13,Specialist,62984,20,12
153,Rohit Singh,Male,2019-10-14,Associate,63201,30,13
154,Priya Mehta,Female,2020-11-15,Executive,63418,40,14
155,Arjun Joshi,Male,2021-12-16,Analyst,63635,50,15
156,Neha Rao,Female,2022-01-17,Engineer,63852,60,16
157,Manish Gupta,Male,2023-02-18,Senior Engineer,64069,70,17
158,Sneha Kumar,Female,2024-03-19,Manager,64286,80,18
159,Deepak Nair,Male,2025-04-20,Specialist,64503,90,19
160,Anjali Iyer,Female,2016-05-21,Associate,64720,100,20
161,Amit Jain,Male,2017-06-22,Executive,64937,10,1
162,Pooja Desai,Female,2018-07-23,Analyst,65154,20,2
163,Rahul Mishra,Male,2019-08-24,Engineer,65371,30,3
164,Kavita Kapoor,Female,2020-09-25,Senior Engineer,65588,40,4
165,Karan Sharma,Male,2021-10-26,Manager,65805,50,5
166,Ritu Patel,Female,2022-11-27,Specialist,66022,60,6
167,Vikas Verma,Male,2023-12-28,Associate,66239,70,7
168,Priya Singh,Female,2024-01-01,Executive,66456,80,8
169,Rohit Mehta,Male,2025-02-02,Analyst,66673,90,9
170,Neha Joshi,Female,2016-03-03,Engineer,66890,100,10
171,Arjun Rao,Male,2017-04-04,Senior Engineer,67107,10,11
172,Sneha Gupta,Female,2018-05-05,Manager,67324,20,12
173,Manish Kumar,Male,2019-06-06,Specialist,67541,30,13
174,Anjali Nair,Female,2020-07-07,Associate,67758,40,14
175,Deepak Iyer,Male,2021-08-08,Executive,67975,50,15
176,Pooja Jain,Female,2022-09-09,Analyst,68192,60,16
177,Amit Desai,Male,2023-10-10,Engineer,68409,70,17
178,Kavita Mishra,Female,2024-11-11,Senior Engineer,68626,80,18
179,Rahul Kapoor,Male,2025-12-12,Manager,68843,90,19
180,Ritu Sharma,Female,2016-01-13,Specialist,69060,100,20
181,Karan Patel,Male,2017-02-14,Associate,69277,10,1
182,Priya Verma,Female,2018-03-15,Executive,69494,20,2
183,Vikas Singh,Male,2019-04-16,Analyst,69711,30,3
184,Neha Mehta,Female,2020-05-17,Engineer,69928,40,4
185,Rohit Joshi,Male,2021-06-18,Senior Engineer,70145,50,5
186,Sneha Rao,Female,2022-07-19,Manager,70362,60,6
187,Arjun Gupta,Male,2023-08-20,Specialist,70579,70,7
188,Anjali Kumar,Female,2024-09-21,Associate,70796,80,8
189,Manish Nair,Male,2025-10-22,Executive,71013,90,9
190,Pooja Iyer,Female,2016-11-23,Analyst,71230,100,10
191,Deepak Jain,Male,2017-12-24,Engineer,71447,10,11
192,Kavita Desai,Female,2018-01-25,Senior Engineer,71664,20,12
193,Amit Mishra,Male,2019-02-26,Manager,71881,30,13
194,Ritu Kapoor,Female,2020-03-27,Specialist,72098,40,14
195,Rahul Sharma,Male,2021-04-28,Associate,72315,50,15
196,Priya Patel,Female,2022-05-01,Executive,72532,60,16
197,Karan Verma,Male,2023-06-02,Analyst,72749,70,17
198,Neha Singh,Female,2024-07-03,Engineer,72966,80,18
199,Vikas Mehta,Male,2025-08-04,Senior Engineer,73183,90,19
200,Sneha Joshi,Female,2016-09-05,Manager,73400,100,20
201,Rohit Rao,Male,2017-10-06,Specialist,73617,10,1
202,Anjali Gupta,Female,2018-11-07,Associate,73834,20,2
203,Arjun Kumar,Male,2019-12-08,Executive,74051,30,3
204,Pooja Nair,Female,2020-01-09,Analyst,74268,40,4
205,Manish Iyer,Male,2021-02-10,Engineer,74485,50,5
206,Kavita Jain,Female,2022-03-11,Senior Engineer,74702,60,6
207,Deepak Desai,Male,2023-04-12,Manager,74919,70,7
208,Ritu Mishra,Female,2024-05-13,Specialist,75136,80,8
209,Amit Kapoor,Male,2025-06-14,Associate,75353,90,9
210,Priya Sharma,Female,2016-07-15,Executive,75570,100,10
211,Rahul Patel,Male,2017-08-16,Analyst,75787,10,11
212,Neha Verma,Female,2018-09-17,Engineer,76004,20,12
213,Karan Singh,Male,2019-10-18,Senior Engineer,76221,30,13
214,Sneha Mehta,Female,2020-11-19,Manager,76438,40,14
215,Vikas Joshi,Male,2021-12-20,Specialist,76655,50,15
216,Anjali Rao,Female,2022-01-21,Associate,76872,60,16
217,Rohit Gupta,Male,2023-02-22,Executive,77089,70,17
218,Pooja Kumar,Female,2024-03-23,Analyst,77306,80,18
219,Arjun Nair,Male,2025-04-24,Engineer,77523,90,19
220,Kavita Iyer,Female,2016-05-25,Senior Engineer,77740,100,20
221,Manish Jain,Male,2017-06-26,Manager,77957,10,1
222,Ritu Desai,Female,2018-07-27,Specialist,78174,20,2
223,Deepak Mishra,Male,2019-08-28,Associate,78391,30,3
224,Priya Kapoor,Female,2020-09-01,Executive,78608,40,4
225,Amit Sharma,Male,2021-10-02,Analyst,78825,50,5
226,Neha Patel,Female,2022-11-03,Engineer,79042,60,6
227,Rahul Verma,Male,2023-12-04,Senior Engineer,79259,70,7
228,Sneha Singh,Female,2024-01-05,Manager,79476,80,8
229,Karan Mehta,Male,2025-02-06,Specialist,79693,90,9
230,Anjali Joshi,Female,2016-03-07,Associate,79910,100,10
231,Vikas Rao,Male,2017-04-08,Executive,80127,10,11
232,Pooja Gupta,Female,2018-05-09,Analyst,80344,20,12
233,Rohit Kumar,Male,2019-06-10,Engineer,80561,30,13
234,Kavita Nair,Female,2020-07-11,Senior Engineer,80778,40,14
235,Arjun Iyer,Male,2021-08-12,Manager,80995,50,15
236,Ritu Jain,Female,2022-09-13,Specialist,81212,60,16
237,Manish Desai,Male,2023-10-14,Associate,81429,70,17
238,Priya Mishra,Female,2024-11-15,Executive,81646,80,18
239,Deepak Kapoor,Male,2025-12-16,Analyst,81863,90,19
240,Neha Sharma,Female,2016-01-17,Engineer,82080,100,20
241,Amit Patel,Male,2017-02-18,Senior Engineer,82297,10,1
242,Sneha Verma,Female,2018-03-19,Manager,82514,20,2
243,Rahul Singh,Male,2019-04-20,Specialist,82731,30,3
244,Anjali Mehta,Female,2020-05-21,Associate,82948,40,4
245,Karan Joshi,Male,2021-06-22,Executive,83165,50,5
246,Pooja Rao,Female,2022-07-23,Analyst,83382,60,6
247,Vikas Gupta,Male,2023-08-24,Engineer,83599,70,7
248,Kavita Kumar,Female,2024-09-25,Senior Engineer,83816,80,8
249,Rohit Nair,Male,2025-10-26,Manager,84033,90,9
250,Ritu Iyer,Female,2016-11-27,Specialist,84250,100,10
251,Arjun Jain,Male,2017-12-28,Associate,84467,10,11
252,Priya Desai,Female,2018-01-01,Executive,84684,20,12
253,Manish Mishra,Male,2019-02-02,Analyst,84901,30,13
254,Neha Kapoor,Female,2020-03-03,Engineer,85118,40,14
255,Deepak Sharma,Male,2021-04-04,Senior Engineer,85335,50,15
256,Sneha Patel,Female,2022-05-05,Manager,85552,60,16
257,Amit Verma,Male,2023-06-06,Specialist,85769,70,17
258,Anjali Singh,Female,2024-07-07,Associate,85986,80,18
259,Rahul Mehta,Male,2025-08-08,Executive,86203,90,19
260,Pooja Joshi,Female,2016-09-09,Analyst,86420,100,20
261,Karan Rao,Male,2017-10-10,Engineer,86637,10,1
262,Kavita Gupta,Female,2018-11-11,Senior Engineer,86854,20,2
263,Vikas Kumar,Male,2019-12-12,Manager,87071,30,3
264,Ritu Nair,Female,2020-01-13,Specialist,87288,40,4
265,Rohit Iyer,Male,2021-02-14,Associate,87505,50,5
266,Priya Jain,Female,2022-03-15,Executive,87722,60,6
267,Arjun Desai,Male,2023-04-16,Analyst,87939,70,7
268,Neha Mishra,Female,2024-05-17,Engineer,88156,80,8
269,Manish Kapoor,Male,2025-06-18,Senior Engineer,88373,90,9
270,Sneha Sharma,Female,2016-07-19,Manager,88590,100,10
271,Deepak Patel,Male,2017-08-20,Specialist,88807,10,11
272,Anjali Verma,Female,2018-09-21,Associate,89024,20,12
273,Amit Singh,Male,2019-10-22,Executive,89241,30,13
274,Pooja Mehta,Female,2020-11-23,Analyst,89458,40,14
275,Rahul Joshi,Male,2021-12-24,Engineer,89675,50,15
276,Kavita Rao,Female,2022-01-25,Senior Engineer,89892,60,16
277,Karan Gupta,Male,2023-02-26,Manager,90109,70,17
278,Ritu Kumar,Female,2024-03-27,Specialist,90326,80,18
279,Vikas Nair,Male,2025-04-28,Associate,90543,90,19
280,Priya Iyer,Female,2016-05-01,Executive,90760,100,20
281,Rohit Jain,Male,2017-06-02,Analyst,90977,10,1
282,Neha Desai,Female,2018-07-03,Engineer,91194,20,2
283,Arjun Mishra,Male,2019-08-04,Senior Engineer,91411,30,3
284,Sneha Kapoor,Female,2020-09-05,Manager,91628,40,4
285,Manish Sharma,Male,2021-10-06,Specialist,91845,50,5
286,Anjali Patel,Female,2022-11-07,Associate,92062,60,6
287,Deepak Verma,Male,2023-12-08,Executive,92279,70,7
288,Pooja Singh,Female,2024-01-09,Analyst,92496,80,8
289,Amit Mehta,Male,2025-02-10,Engineer,92713,90,9
290,Kavita Joshi,Female,2016-03-11,Senior Engineer,92930,100,10
291,Rahul Rao,Male,2017-04-12,Manager,93147,10,11
292,Ritu Gupta,Female,2018-05-13,Specialist,93364,20,12
293,Karan Kumar,Male,2019-06-14,Associate,93581,30,13
294,Priya Nair,Female,2020-07-15,Executive,93798,40,14
295,Vikas Iyer,Male,2021-08-16,Analyst,94015,50,15
296,Neha Jain,Female,2022-09-17,Engineer,94232,60,16
297,Rohit Desai,Male,2023-10-18,Senior Engineer,94449,70,17
298,Sneha Mishra,Female,2024-11-19,Manager,94666,80,18
299,Arjun Kapoor,Male,2025-12-20,Specialist,94883,90,19
300,Anjali Sharma,Female,2016-01-21,Associate,95100,100,20
301,Manish Patel,Male,2017-02-22,Executive,95317,10,1
302,Pooja Verma,Female,2018-03-23,Analyst,95534,20,2
303,Deepak Singh,Male,2019-04-24,Engineer,95751,30,3
304,Kavita Mehta,Female,2020-05-25,Senior Engineer,95968,40,4
305,Amit Joshi,Male,2021-06-26,Manager,96185,50,5
306,Ritu Rao,Female,2022-07-27,Specialist,96402,60,6
307,Rahul Gupta,Male,2023-08-28,Associate,96619,70,7
308,Priya Kumar,Female,2024-09-01,Executive,96836,80,8
309,Karan Nair,Male,2025-10-02,Analyst,97053,90,9
310,Neha Iyer,Female,2016-11-03,Engineer,97270,100,10
311,Vikas Jain,Male,2017-12-04,Senior Engineer,97487,10,11
312,Sneha Desai,Female,2018-01-05,Manager,97704,20,12
313,Rohit Mishra,Male,2019-02-06,Specialist,97921,30,13
314,Anjali Kapoor,Female,2020-03-07,Associate,98138,40,14
315,Arjun Sharma,Male,2021-04-08,Executive,98355,50,15
316,Pooja Patel,Female,2022-05-09,Analyst,98572,60,16
317,Manish Verma,Male,2023-06-10,Engineer,98789,70,17
318,Kavita Singh,Female,2024-07-11,Senior Engineer,99006,80,18
319,Deepak Mehta,Male,2025-08-12,Manager,99223,90,19
320,Ritu Joshi,Female,2016-09-13,Specialist,99440,100,20
321,Amit Rao,Male,2017-10-14,Associate,99657,10,1
322,Priya Gupta,Female,2018-11-15,Executive,99874,20,2
323,Rahul Kumar,Male,2019-12-16,Analyst,100091,30,3
324,Neha Nair,Female,2020-01-17,Engineer,100308,40,4
325,Karan Iyer,Male,2021-02-18,Senior Engineer,100525,50,5
326,Sneha Jain,Female,2022-03-19,Manager,100742,60,6
327,Vikas Desai,Male,2023-04-20,Specialist,100959,70,7
328,Anjali Mishra,Female,2024-05-21,Associate,101176,80,8
329,Rohit Kapoor,Male,2025-06-22,Executive,101393,90,9
330,Pooja Sharma,Female,2016-07-23,Analyst,101610,100,10
331,Arjun Patel,Male,2017-08-24,Engineer,101827,10,11
332,Kavita Verma,Female,2018-09-25,Senior Engineer,102044,20,12
333,Manish Singh,Male,2019-10-26,Manager,102261,30,13
334,Ritu Mehta,Female,2020-11-27,Specialist,102478,40,14
335,Deepak Joshi,Male,2021-12-28,Associate,102695,50,15
336,Priya Rao,Female,2022-01-01,Executive,102912,60,16
337,Amit Gupta,Male,2023-02-02,Analyst,103129,70,17
338,Neha Kumar,Female,2024-03-03,Engineer,103346,80,18
339,Rahul Nair,Male,2025-04-04,Senior Engineer,103563,90,19
340,Sneha Iyer,Female,2016-05-05,Manager,103780,100,20
341,Karan Jain,Male,2017-06-06,Specialist,103997,10,1
342,Anjali Desai,Female,2018-07-07,Associate,104214,20,2
343,Vikas Mishra,Male,2019-08-08,Executive,104431,30,3
344,Pooja Kapoor,Female,2020-09-09,Analyst,104648,40,4
345,Rohit Sharma,Male,2021-10-10,Engineer,104865,50,5
346,Kavita Patel,Female,2022-11-11,Senior Engineer,105082,60,6
347,Arjun Verma,Male,2023-12-12,Manager,105299,70,7
348,Ritu Singh,Female,2024-01-13,Specialist,105516,80,8
349,Manish Mehta,Male,2025-02-14,Associate,105733,90,9
350,Priya Joshi,Female,2016-03-15,Executive,105950,100,10
351,Deepak Rao,Male,2017-04-16,Analyst,106167,10,11
352,Neha Gupta,Female,2018-05-17,Engineer,106384,20,12
353,Amit Kumar,Male,2019-06-18,Senior Engineer,106601,30,13
354,Sneha Nair,Female,2020-07-19,Manager,106818,40,14
355,Rahul Iyer,Male,2021-08-20,Specialist,107035,50,15
356,Anjali Jain,Female,2022-09-21,Associate,107252,60,16
357,Karan Desai,Male,2023-10-22,Executive,107469,70,17
358,Pooja Mishra,Female,2024-11-23,Analyst,107686,80,18
359,Vikas Kapoor,Male,2025-12-24,Engineer,107903,90,19
360,Kavita Sharma,Female,2016-01-25,Senior Engineer,108120,100,20
361,Rohit Patel,Male,2017-02-26,Manager,108337,10,1
362,Ritu Verma,Female,2018-03-27,Specialist,108554,20,2
363,Arjun Singh,Male,2019-04-28,Associate,108771,30,3
364,Priya Mehta,Female,2020-05-01,Executive,108988,40,4
365,Manish Joshi,Male,2021-06-02,Analyst,109205,50,5
366,Neha Rao,Female,2022-07-03,Engineer,109422,60,6
367,Deepak Gupta,Male,2023-08-04,Senior Engineer,109639,70,7
368,Sneha Kumar,Female,2024-09-05,Manager,109856,80,8
369,Amit Nair,Male,2025-10-06,Specialist,110073,90,9
370,Anjali Iyer,Female,2016-11-07,Associate,110290,100,10
371,Rahul Jain,Male,2017-12-08,Executive,110507,10,11
372,Pooja Desai,Female,2018-01-09,Analyst,110724,20,12
373,Karan Mishra,Male,2019-02-10,Engineer,110941,30,13
374,Kavita Kapoor,Female,2020-03-11,Senior Engineer,111158,40,14
375,Vikas Sharma,Male,2021-04-12,Manager,111375,50,15
376,Ritu Patel,Female,2022-05-13,Specialist,111592,60,16
377,Rohit Verma,Male,2023-06-14,Associate,111809,70,17
378,Priya Singh,Female,2024-07-15,Executive,112026,80,18
379,Arjun Mehta,Male,2025-08-16,Analyst,112243,90,19
380,Neha Joshi,Female,2016-09-17,Engineer,112460,100,20
381,Manish Rao,Male,2017-10-18,Senior Engineer,112677,10,1
382,Sneha Gupta,Female,2018-11-19,Manager,112894,20,2
383,Deepak Kumar,Male,2019-12-20,Specialist,113111,30,3
384,Anjali Nair,Female,2020-01-21,Associate,113328,40,4
385,Amit Iyer,Male,2021-02-22,Executive,113545,50,5
386,Pooja Jain,Female,2022-03-23,Analyst,113762,60,6
387,Rahul Desai,Male,2023-04-24,Engineer,113979,70,7
388,Kavita Mishra,Female,2024-05-25,Senior Engineer,114196,80,8
389,Karan Kapoor,Male,2025-06-26,Manager,114413,90,9
390,Ritu Sharma,Female,2016-07-27,Specialist,114630,100,10
391,Vikas Patel,Male,2017-08-28,Associate,114847,10,11
392,Priya Verma,Female,2018-09-01,Executive,115064,20,12
393,Rohit Singh,Male,2019-10-02,Analyst,115281,30,13
394,Neha Mehta,Female,2020-11-03,Engineer,115498,40,14
395,Arjun Joshi,Male,2021-12-04,Senior Engineer,115715,50,15
396,Sneha Rao,Female,2022-01-05,Manager,115932,60,16
397,Manish Gupta,Male,2023-02-06,Specialist,116149,70,17
398,Anjali Kumar,Female,2024-03-07,Associate,116366,80,18
399,Deepak Nair,Male,2025-04-08,Executive,116583,90,19
400,Pooja Iyer,Female,2016-05-09,Analyst,116800,100,20
401,Amit Jain,Male,2017-06-10,Engineer,117017,10,1
402,Kavita Desai,Female,2018-07-11,Senior Engineer,117234,20,2
403,Rahul Mishra,Male,2019-08-12,Manager,117451,30,3
404,Ritu Kapoor,Female,2020-09-13,Specialist,117668,40,4
405,Karan Sharma,Male,2021-10-14,Associate,117885,50,5
406,Priya Patel,Female,2022-11-15,Executive,118102,60,6
407,Vikas Verma,Male,2023-12-16,Analyst,118319,70,7
408,Neha Singh,Female,2024-01-17,Engineer,118536,80,8
409,Rohit Mehta,Male,2025-02-18,Senior Engineer,118753,90,9
410,Sneha Joshi,Female,2016-03-19,Manager,118970,100,10
411,Arjun Rao,Male,2017-04-20,Specialist,119187,10,11
412,Anjali Gupta,Female,2018-05-21,Associate,119404,20,12
413,Manish Kumar,Male,2019-06-22,Executive,119621,30,13
414,Pooja Nair,Female,2020-07-23,Analyst,119838,40,14
415,Deepak Iyer,Male,2021-08-24,Engineer,120055,50,15
416,Kavita Jain,Female,2022-09-25,Senior Engineer,120272,60,16
417,Amit Desai,Male,2023-10-26,Manager,120489,70,17
418,Ritu Mishra,Female,2024-11-27,Specialist,120706,80,18
419,Rahul Kapoor,Male,2025-12-28,Associate,120923,90,19
420,Priya Sharma,Female,2016-01-01,Executive,121140,100,20
421,Karan Patel,Male,2017-02-02,Analyst,121357,10,1
422,Neha Verma,Female,2018-03-03,Engineer,121574,20,2
423,Vikas Singh,Male,2019-04-04,Senior Engineer,121791,30,3
424,Sneha Mehta,Female,2020-05-05,Manager,122008,40,4
425,Rohit Joshi,Male,2021-06-06,Specialist,122225,50,5
426,Anjali Rao,Female,2022-07-07,Associate,122442,60,6
427,Arjun Gupta,Male,2023-08-08,Executive,122659,70,7
428,Pooja Kumar,Female,2024-09-09,Analyst,122876,80,8
429,Manish Nair,Male,2025-10-10,Engineer,123093,90,9
430,Kavita Iyer,Female,2016-11-11,Senior Engineer,123310,100,10
431,Deepak Jain,Male,2017-12-12,Manager,123527,10,11
432,Ritu Desai,Female,2018-01-13,Specialist,123744,20,12
433,Amit Mishra,Male,2019-02-14,Associate,123961,30,13
434,Priya Kapoor,Female,2020-03-15,Executive,124178,40,14
435,Rahul Sharma,Male,2021-04-16,Analyst,124395,50,15
436,Neha Patel,Female,2022-05-17,Engineer,124612,60,16
437,Karan Verma,Male,2023-06-18,Senior Engineer,124829,70,17
438,Sneha Singh,Female,2024-07-19,Manager,125046,80,18
439,Vikas Mehta,Male,2025-08-20,Specialist,125263,90,19
440,Anjali Joshi,Female,2016-09-21,Associate,125480,100,20
441,Rohit Rao,Male,2017-10-22,Executive,125697,10,1
442,Pooja Gupta,Female,2018-11-23,Analyst,125914,20,2
443,Arjun Kumar,Male,2019-12-24,Engineer,126131,30,3
444,Kavita Nair,Female,2020-01-25,Senior Engineer,126348,40,4
445,Manish Iyer,Male,2021-02-26,Manager,126565,50,5
446,Ritu Jain,Female,2022-03-27,Specialist,126782,60,6
447,Deepak Desai,Male,2023-04-28,Associate,126999,70,7
448,Priya Mishra,Female,2024-05-01,Executive,127216,80,8
449,Amit Kapoor,Male,2025-06-02,Analyst,127433,90,9
450,Neha Sharma,Female,2016-07-03,Engineer,127650,100,10
451,Rahul Patel,Male,2017-08-04,Senior Engineer,127867,10,11
452,Sneha Verma,Female,2018-09-05,Manager,128084,20,12
453,Karan Singh,Male,2019-10-06,Specialist,128301,30,13
454,Anjali Mehta,Female,2020-11-07,Associate,128518,40,14
455,Vikas Joshi,Male,2021-12-08,Executive,128735,50,15
456,Pooja Rao,Female,2022-01-09,Analyst,128952,60,16
457,Rohit Gupta,Male,2023-02-10,Engineer,129169,70,17
458,Kavita Kumar,Female,2024-03-11,Senior Engineer,129386,80,18
459,Arjun Nair,Male,2025-04-12,Manager,129603,90,19
460,Ritu Iyer,Female,2016-05-13,Specialist,129820,100,20
461,Manish Jain,Male,2017-06-14,Associate,130037,10,1
462,Priya Desai,Female,2018-07-15,Executive,130254,20,2
463,Deepak Mishra,Male,2019-08-16,Analyst,130471,30,3
464,Neha Kapoor,Female,2020-09-17,Engineer,130688,40,4
465,Amit Sharma,Male,2021-10-18,Senior Engineer,130905,50,5
466,Sneha Patel,Female,2022-11-19,Manager,131122,60,6
467,Rahul Verma,Male,2023-12-20,Specialist,131339,70,7
468,Anjali Singh,Female,2024-01-21,Associate,131556,80,8
469,Karan Mehta,Male,2025-02-22,Executive,131773,90,9
470,Pooja Joshi,Female,2016-03-23,Analyst,131990,100,10
471,Vikas Rao,Male,2017-04-24,Engineer,132207,10,11
472,Kavita Gupta,Female,2018-05-25,Senior Engineer,132424,20,12
473,Rohit Kumar,Male,2019-06-26,Manager,132641,30,13
474,Ritu Nair,Female,2020-07-27,Specialist,132858,40,14
475,Arjun Iyer,Male,2021-08-28,Associate,133075,50,15
476,Priya Jain,Female,2022-09-01,Executive,133292,60,16
477,Manish Desai,Male,2023-10-02,Analyst,133509,70,17
478,Neha Mishra,Female,2024-11-03,Engineer,133726,80,18
479,Deepak Kapoor,Male,2025-12-04,Senior Engineer,133943,90,19
480,Sneha Sharma,Female,2016-01-05,Manager,134160,100,20
481,Amit Patel,Male,2017-02-06,Specialist,134377,10,1
482,Anjali Verma,Female,2018-03-07,Associate,134594,20,2
483,Rahul Singh,Male,2019-04-08,Executive,134811,30,3
484,Pooja Mehta,Female,2020-05-09,Analyst,135028,40,4
485,Karan Joshi,Male,2021-06-10,Engineer,135245,50,5
486,Kavita Rao,Female,2022-07-11,Senior Engineer,135462,60,6
487,Vikas Gupta,Male,2023-08-12,Manager,135679,70,7
488,Ritu Kumar,Female,2024-09-13,Specialist,135896,80,8
489,Rohit Nair,Male,2025-10-14,Associate,136113,90,9
490,Priya Iyer,Female,2016-11-15,Executive,136330,100,10
491,Arjun Jain,Male,2017-12-16,Analyst,136547,10,11
492,Neha Desai,Female,2018-01-17,Engineer,136764,20,12
493,Manish Mishra,Male,2019-02-18,Senior Engineer,136981,30,13
494,Sneha Kapoor,Female,2020-03-19,Manager,137198,40,14
495,Deepak Sharma,Male,2021-04-20,Specialist,137415,50,15
496,Anjali Patel,Female,2022-05-21,Associate,137632,60,16
497,Amit Verma,Male,2023-06-22,Executive,137849,70,17
498,Pooja Singh,Female,2024-07-23,Analyst,138066,80,18
499,Rahul Mehta,Male,2025-08-24,Engineer,138283,90,19
500,Kavita Joshi,Female,2016-09-25,Senior Engineer,138500,100,20
